year_month,title
201501,"Sundance 2015: Duplass Brothers, Netflix Make a Deal"
201501,Netflix Accelerates Ambitious Global Expansion as U.S. Growth Slows
201501,Movie Studio by Amazon for Screens Big and Small
201501,"As Content Pours From Everywhere, New Network Shows Strive for Boldness"
201501,Cleaning Up the Mac’s Printers List
201501,"5 More Lives, and Counting "
201501,Aiming to Break Out in a Crowded TV Landscape 
201501,Netflix to push play in China
201501,Netflix and IBM earnings beat forecasts
201501,Content war: Netflix vs. Amazon
201502,Netflix Announces New Pee-wee Herman Movie
201502,Tina Fey’s ‘Unbreakable Kimmy Schmidt’ Heads to Netflix
201502,‘House of Cards’ Season 3: More Policy Than Chicanery
201502,‘House of Cards’ Season 3 Episode 1 Recap: Loyalty to Frank Has a Price
201502,"Kevin Spacey, Star of ‘House of Cards’ and a Bromance With Bill Clinton"
201502,Insider Tips: Best TV Right Now
201502,Netflix Taps Into a Growing International Market
201502,"VPNs Dissolve National Boundaries Online, for Work and Movie-Watching"
201502,Daily Clip Report
201502,Chegg Is Shifting Its Services to Focus on Digital Push
201503,"Netflix, Amazon and Hulu No Longer Find Themselves Upstarts in Online Streaming"
201503,"Review: ‘Bloodline,’ on Netflix, Depicts a Family With Nasty Secrets"
201503,Kimmy Schmidt’s Revolutionary Approach to Pain
201503,Tituss Burgess on a Role Tailor-Made for Him on ‘Unbreakable Kimmy Schmidt’
201503,"Suddenly, Plenty of Options for Cord Cutters"
201503,The Purity of a Ruthless TV Couple
201503,Ben Mendelsohn: A Good Bad Man to Have Around
201503,How to Find Old or Expired Websites
201503,Nielsen Charts Reach of Video Streaming 
201503,Review: ‘Unbreakable Kimmy Schmidt’ Features a Midwestern Fish Out of Water
201504,‘Full House’ Sequel Coming to Netflix
201504,Netflix Is Betting Its Future on Exclusive Programming
201504,"Though Profits Fall, Netflix Shares Surge on Subscriber Growth"
201504,No Netflix ‘Crown’ for Helen Mirren
201504,Netflix Will Show Ricky Gervais’s Comedy ‘Special Correspondents’
201504,"With Marvel’s ‘Daredevil,’ Netflix Looks to Build Its Own Superteam"
201504,Netflix Says ‘House of Cards’ to Return for 4th Season
201504,Native American Actors Walk Off Adam Sandler Movie
201504,Review: ‘Chef’s Table’ Profiles Top Culinary Talents
201504,"Jane Fonda and Lily Tomlin, Together Again, in ‘Grace and Frankie’"
201505,The Netflix Effect
201505,How Netflix Keeps Finding Itself on the Same Side as Regulators
201505,Netflix Said to Be in Early Talks With Chinese Companies
201505,Review: Netflix’s ‘Between’ Puts a Polite Damper on Growing Old
201505,"Review: In ‘Grace and Frankie’ on Netflix, Comedy Enters a New Age"
201505,"Review: ‘Hot Girls Wanted,’ About the Choices Actresses in Pornography Make"
201505,Olsen Twins Won’t Appear in ‘Full House’ Reboot
201505,Morning Agenda: Return of the ‘King of Cable’
201505,Chelsea Handler on the State of Late Night
201505,"Now, Spotlight Turns to AT&T-DirecTV Deal"
201506,Netflix Announces a 7-for-1 Stock Split
201506,Carl Icahn on Why He Sold Netflix
201506,"Spotify Taps Barry McCarthy, Former Netflix Executive, as New C.F.O."
201506,Brad Pitt Movie to Debut on Netflix
201506,"Review: ‘Dragons: Race to the Edge,’ a Dark Animated Series on Netflix"
201506,Netflix Announces Lineup of Animated Children’s Shows
201506,"Review: ‘Sense8,’ the Wachowskis’ Netflix Series, Connects Young and Cute"
201506,"New Internet Regulations Take Effect, and Web Users See No Change"
201506,Republicans Put Net Neutrality in Jeopardy
201506,‘Orange Is the New Black’ Season 3 Premiere Recap: Mother’s Day Visit
201507,"Netflix Posts Mixed Results, but New Memberships Surge"
201507,"Netflix Refines Its DVD Business, Even as Streaming Unit Booms"
201507,‘Wet Hot American Summer: First Day of Camp’ Continues the Comedy on Netflix
201507,"Review: Netflix’s Tig Notaro Documentary, ‘Tig,’ Recalls a Time of Uncomfortable Laughs"
201507,The AT&T-DirecTV Merger and the Problem With the Telecoms Industry
201507,Adam Sandler Says Film Does Not Mock Native Americans
201507,Emmy Awards 2015: ‘Game of Thrones’ and HBO Lead Nominations
201507,Morning Agenda: I.M.F. Demand Threatens Greek Deal
201507,Hulu considers ad-free service
201507,Metropolitan Opera Streaming Service Expands to Roku
201508,Netflix to Add Films and TV Series for Teenagers
201508,Netflix Looks to ‘Narcos’ for a New Audience
201508,Netflix Offers Expanded Maternity and Paternity Leave
201508,Farhad and Mike’s Week in Review: Netflix’s Not So ‘Unlimited’ Benefits
201508,Review: ‘Narcos’ Follows the Rise and Reign of Pablo Escobar
201508,‘Narcos’ Episode 1 Recap: Meet Pablo Escobar
201508,‘Narcos’ Episode 2 Recap: Death to Kidnappers
201508,Have You Cut the Cable Cord?
201508,Preparing for Life After Cable
201508,Toronto Film Festival Announces First TV Lineup
201509,‘Black Mirror’ to Have New Episodes on Netflix
201509,"In Quest for Global Presence, Netflix Acquires Rights to 3 More Shows"
201509,Netflix’s ‘Narcos': Watched It All? Talk About It With the Critic Neil Genzlinger
201509,"Review: ‘Keith Richards: Under the Influence,’ in His Own Gravelly Words"
201509,Paid Leave for Moms and Dads: Reporter’s Notebook
201509,Mining the Movies for the Next TV Hit
201509,Idris Elba’s Toughest Role Yet: Going Brutal With Grace for ‘Beasts of No Nation’
201509,TV Dinners in a Netflix World
201509,"‘Longmire,’ Revived on Netflix, Continues Its Embrace of Western Traditions"
201509,Hulu Starts a Commercial-Free Option to Rival Netflix and Amazon
201510,Netflix Faces Challengers in Its Push to Expand Globally
201510,Netflix Profits Slide 50% as Streaming Growth Lags
201510,"UltraDNS Server Problem Pulls Down Websites, Including Netflix, for 90 Minutes"
201510,"A Vote Due in Greece, Consumer Spending Data and Netflix’s New Film"
201510,Morning Agenda:  DealBook Conference Lineup Announced
201510,Cary Fukunaga Isn’t Trying to Educate You With ‘Beasts of No Nation’
201510,Why a New ‘Gilmore Girls’ Wouldn’t Really Be ‘Gilmore Girls’
201510,Political Correctness Isn’t Ruining Comedy. It’s Helping.
201510,Family-Friendly ‘Goosebumps’ Wins the Box Office
201510,Is America Great Only in Movies?
201511,The Netflix Content Queen
201511,Netflix to Finance Film by “Snowpiercer” Director
201511,Cindy Holland of Netflix: Learning to Lead on a Pair of Water Skis
201511,Netflix C.E.O. Says Hulu Is Detrimental
201511,Netflix’s Reed Hastings Sees Need for More Content
201511,Review: Krysten Ritter Is a Gumshoe With Superhero Troubles in ‘Jessica Jones’
201511,Noël Wells on ‘Master of None’ and Her Plan B
201511,What to Watch Monday
201511,Taking Stock of the $10 Billion Washington Spent on Colombia’s War
201511,Review: ‘W/ Bob & David’ Resumes a ‘Mr. Show’ Vibe
201512,Netflix Increasingly Threatens TV Powerhouses
201512,"Review: ‘Making a Murderer,’ True Crime on Netflix"
201512,"Behind ‘Making a Murderer,’ a New Documentary Series on Netflix"
201512,"Review: ‘F Is for Family,’ Netflix’s Ribald Portrayal of a ’70s Household"
201512,What to Watch Saturday
201512,"Review: In ‘River,’ Stellan Skarsgard Is a Cop Searching for Answers"
201512,"A Global TV Tour via Streaming: England, Australia and New Zealand"
201512,The Fashion News to Know This Week
201512,Streaming TV Isn’t Just a New Way to Watch. It’s a New Genre.
201512,Christmas Shows Are TV’s December Comfort Food
201601,‘Making a Murderer’ Town’s Answer to Netflix Series: You Don’t Know
201601,"So Far, Amazon and Netflix Are Sundance’s Top Buyers"
201601,Netflix’s Opaque Disruption Annoys Rivals on TV
201601,"Netflix Faces a U.S. Slowdown, Despite Global Growth"
201601,Why Media Titans Would Be Wise Not to Overlook Netflix
201601,Daily Report: The Netflix-Amazon Connection
201601,"At CES, Netflix Adds Over 130 Countries to Streaming Service"
201601,What to Watch Sunday
201601,"Review: Chelsea Handler Chats Up Racism, Marriage and More"
201601,Tech’s ‘Frightful 5’ Will Dominate Digital Life for Foreseeable Future
201602,Netflix Aims for Family-Friendly Nostalgia With New Slate
201602,"Review: ‘Crouching Tiger, Hidden Dragon: Sword of Destiny,’ a Fight-Ridden Sequel"
201602,Review: ‘Full House’ Sequel Is a Forced March Down Memory Lane
201602,What to Watch Friday
201602,"Farhad and Mike Have a Big Story (Apple), and Some Scraps"
201602,Review: ‘Love’ and ‘Togetherness’ Capture the Arc of the Romantic Pursuit
201602,"Review: Michael Pollan and Pangs of Guilt, Not Hunger"
201602,Leaving ‘Full House’ Was His Biggest Regret. So He Rebuilt It.
201602,"Gillian Jacobs, a Neurotic ‘Community’ Favorite, Finds ‘Love’"
201602,Tech Stocks Have Fallen Faster and Further Than Broader Market
201603,Chelsea Handler’s Netflix Talk Show to Debut in May
201603,"In ‘Daredevil,’ on Netflix, the Punisher Stirs Up the Gangs"
201603,Netflix Finds a Home With Younger and Wealthier Households
201603,Jon Bernthal: From Walking Dead to Plain Deadly
201603,‘Daredevil’ Season 2: Watched It All? Let’s Talk
201603,"Review: For ‘Pee-wee’s Big Holiday,’ Walk Gingerly and Wear a Red Bow Tie"
201603,"In ‘Happy Valley,’ the Bodies Pile Up"
201603,Sketch Comedy’s New Faces on TV
201603,Review: ‘Flaked’ Features Will Arnett as a Dude of a Certain Age
201603,Q. and A. With Neve Campbell: Fiction Eclipsed by Truth
201604,Netflix’s Forecast for Growth Disappoints Wall St.
201604,Netflix Announces Another ‘Wet Hot American Summer’ Series
201604,Amazon Challenges Netflix by Opening Prime to Monthly Subscribers
201604,Review: ‘Team Foxcatcher’ Looks at a Millionaire’s Descent Into Murder
201604,Review: ‘Special Correspondents’ Stars a Fumbling Ricky Gervais
201604,Bob Dylan-Inspired Drama Is in the Works
201604,Review: The Return of ‘Unbreakable Kimmy Schmidt’
201604,"A Love at First Sight, Seen Clearly at Last"
201604,"Q. and A. With Ellie Kemper: Talking Kimmy Schmidt, Jon Hamm and Tarantulas"
201604,Is Staying In the New Going Out?
201605,‘Bloodline’ Returns to Netflix for Season 2
201605,Netflix’s ‘Narcos’ to Appear on Univision
201605,Review: ‘Chelsea’ on Netflix Seems Just Like the Talk Shows It Says It Isn’t
201605,"Chelsea Handler: Impulsive, Provocative and Streaming on Netflix"
201605,Europe Seeks Greater Control Over Digital Services
201605,Review: ‘Lady Dynamite’ Finds Surreal Humor in Mental Illness
201605,Review: ‘Marseille’ Proves That American Cable Clichés Are Easy Exports
201605,Review: ‘Grace and Frankie’: Fonda and Tomlin Continue to Shine
201605,"More Reasons to Surf, Binge and Stream This Summer"
201605,What You Should Watch: Memorial Day Edition
201606,Can Netflix Survive in the New World It Created?
201606,Netflix Studied Your Binge-Watching Habit. That Didn’t Take Long.
201606,Downloading Video Streams to Go
201606,Uzo Aduba
201606,Season 4 of ‘Orange Is the New Black’: It’s About Time
201606,Ali Wong Knows How the Internet Sees Her
201606,Ready to Form! Three Animated Reboots for Kids
201606,‘Occupied’ and ‘The Bureau’: Two Gripping European Thrillers
201606,"Bo Burnham, Discovered on the Internet, Now Challenges It"
201606,American Tech Giants vs. the Nation-State
201607,"Netflix, Once Invincible, Suffers Big Drop in Growth"
201607,‘Making a Murderer’ Returning With New Episodes
201607,Beetles Do Beatles: Music Coup for an Animated Netflix Show
201607,Détente for Netflix and Comcast
201607,"Review: With ‘Stranger Things,’ Netflix Delivers an Eerie Nostalgia Fix"
201607,You Can Use Any Song You Want. Create a TV Show.
201607,The World According to ‘BoJack Horseman’
201607,‘BoJack Horseman’ Returns for a Hilarious and Hallucinatory Season 3
201607,Asperger’s Are Us Comedy Troupe Jokes About Everything but That
201607,"Winona Ryder, an Emblem of ’90s Cool, Grows Up"
201608,Conviction Against Brendan Dassey of ‘Making a Murderer’ Is Overturned
201608,Netflix Fuels a Surge in Scripted TV Shows. Some See a Glut.
201608,‘The Get Down’ on Netflix: A Superhero Fable About the Birth of Hip-Hop
201608,Yahya Abdul-Mateen II Trades His T Square for a Netflix Role
201608,‘The Get Down’ and ‘Stranger Things’ Feed Nostalgia With a Historical Remix
201608,"From the N.F.L. to Hollywood, Trevor Pryce’s Plan B"
201608,Grandmaster Flash Beats Back Time
201608,Baz Luhrmann’s ‘The Get Down’ Is ‘West Side Story’ With Rappers and Disco Queens
201608,"The Most Dangerous Eight Seconds in Sports, on ‘Fearless’"
201608,The ‘Stranger Things’ School of Parenting
201609,‘The Siege of Jadotville’ on Netflix Rediscovers a Faded Footnote
201609,Prosecutors Appeal Overturned Conviction of ‘Making a Murderer’ Subject Brendan Dassey
201609,"Review: ‘Audrie & Daisy,’ on Sexual Assault and Technology"
201609,‘Marvel’s Luke Cage’ Sweeps From Barbershop to Neighborhood Battle
201609,"Review: ‘Easy’ Stars the Young and the Muddled, Connecting in Chicago"
201609,Steve Aoki Leaps Off Cliffs. But Biking in Chinatown? That Makes Him Nervous.
201609,"Review: In ‘Narcos’ Season 2, Pablo Escobar’s Time Is Running Out"
201609,"The Best TV Shows and Movies New to Netflix, Hulu and More In September"
201609,What You Should Watch to Catch Up on This Summer’s Shows
201609,Watch a 101-Year-Old Painter Argue Against Talking About Art
201610,A ‘Gilmore Girls’ Festival
201610,"Review: ‘The Fall’ Returns, but Will the Deadly Hunt Continue?"
201610,"In ‘The Crown,’ a Young Queen, but a Young Woman, Too"
201610,Review: In ‘Haters Back Off!’ a Cringe-Worthy Star Is Born
201610,"In ‘Black Mirror,’ Sci-Fi That Feels Close to Home"
201610,"A YouTube Star Is All In, Professionally and Personally"
201610,What We’re Reading
201610,"The Best TV Shows and Movies New to Netflix, Hulu and More in October"
201610,"The Definitive Guide to Cord-Cutting in 2016, Based on Your Habits"
201610,Seinfeld’s ‘Comedians in Cars Getting Coffee’ Is on Market
201611,Actors Flock to Netflix to Satisfy Their Most Loyal Fans
201611,"Why Netflix Lets Movie Lovers Down, and What to Do About It"
201611,Brendan Dassey of ‘Making a Murderer’ Is to Be Freed While State Appeals Ruling
201611,"Review: Netflix Does Queen Elizabeth II in ‘The Crown,’ No Expense Spared"
201611,Review: ‘Gilmore Girls: A Year in the Life’ Revives a Snow Globe Town
201611,Tina Brown on the Final Two Episodes of ‘The Crown’: Love and Duty
201611,Lauren Graham’s Taste of Tokyo
201611,"‘The Crown’ Episodes 1 and 2: Stiff Lips, Warm Heart"
201611,‘Luke Cage’ Made Him a Fashion Hero
201611,The Best New TV Shows and Movies on Netflix
201612,Watch These Movies and TV Shows Before They Leave Netflix on Jan. 1
201612,"Netflix, in Rare Cancellation, Is Ending ‘Marco Polo’"
201612,‘Sense8: A Christmas Special’ Is Coming to Netflix
201612,"Review: In ‘Travelers,’ Some Serious Time-Sharing"
201612,Review: Welcome to the Neighborhood Underworld in ‘Trollhunters’
201612,Review: The Cryptic Sparkles in ‘The OA.’ Reality Disappoints.
201612,Character Building: Brit Marling
201612,"O.K., Who Put the Nazi Zombie Under the Tree?"
201612,The Quest for Your Dream Streamer
201612,The Personality Politics of ‘The Crown’
201701,Netflix Goes Global and Its Profit Soars
201701,Jerry Seinfeld Takes ‘Comedians in Cars’ to Netflix
201701,Netflix’s Fortunate Reinvention of ‘A Series of Unfortunate Events’
201701,How Netflix Is Deepening Our Cultural Echo Chambers
201701,Review: ‘Frontier’ on Netflix Offers a Frothy Look at the Fur Trade
201701,Netflix and CBS Try to Shake Up Reality TV
201701,Drew Barrymore’s Next Act: Suburban Zombie
201701,Rita Moreno Aims to Hit the Right Accent on ‘One Day at a Time’
201701,Jason Momoa Braves New Frontiers
201701,"Neil Patrick Harris on Travel, From Sandcastles to Subways"
201702,"In Global Expansion, Netflix Makes Friends With Carriers"
201702,"‘Netflix and Chill’? Sure. But There Are Others, Too."
201702,"Don’t Look Now, but the Great Unbundling Has Spun Into Reverse"
201702,"In an Age of Alternative Facts, Bill Nye’s New Show Brings Real Ones"
201702,Ricky Gervais Goes Back to ‘The Office’
201702,"Review: ‘Santa Clarita Diet,’ a Suburban Sitcom With Bite"
201702,Netflix’s ‘The OA’ and the Transformative Power of Dance
201702,The Best Movies and TV Shows New to Netflix Australia in February
201702,"Wait, What Is Netflix’s Michael Bolton Valentine’s Day Special?"
201702,The Best Movies and TV Shows New to Netflix Canada in February
201703,"On Netflix, the Borders Remain Open"
201703,"Dave Chappelle on Trump, Cosby and His Netflix Deal"
201703,Selena Gomez (and Others) on Adapting ‘Thirteen Reasons Why’ for Netflix
201703,"In Netflix Specials, Dave Chappelle Challenges His Audience"
201703,Review: Netflix Tries to Channel Its Chi With ‘Marvel’s Iron Fist’
201703,Unfinished Orson Welles Film Gets a Netflix Commitment
201703,Taking Netflix on the Road
201703,Netflix Casts a Wider Net for Original Documentaries
201703,"Review: In ‘Ingobernable,’ a Mexican Presidency in Turmoil"
201703,"What to Cook, Watch, Listen To and More This Weekend"
201704,"Netflix Embraces a Nasty Gal, Based on the Real Deal"
201704,"With ‘Tramps,’ Netflix Digs Deeper for Original Films"
201704,"Review: In Netflix’s ‘Girlboss,’ a Heroine Who’s a Tough Sell"
201704,"Netflix Triggers Online Debate With a Show About Teen Suicide, ‘13 Reasons Why’"
201704,"Review: ‘Dear White People,’ the TV Version, Improves on the Strong Movie"
201704,The Other Side of Anne of Green Gables
201704,What Bill Nye Can’t Travel Without
201704,"Review: In ‘Chewing Gum,’ a Young Woman Hilariously Tries to Lose Her Virginity"
201704,"Rarely Depicted, the Ugly Truths of Hazing Play Out Onscreen"
201704,"Cheesy Movie Lovers, Rejoice: ‘Mystery Science Theater 3000’ Returns"
201705,"In Rare Move, Netflix Cancels ‘The Get Down,’ a Hip-Hop Series"
201705,Netflix Defends Strategy at Cannes: ‘The Culture Is Changing’
201705,Why the Netflix-Cannes Clash Couldn’t Be Avoided
201705,"With ‘War Machine,’ Netflix Bets on Brad Pitt in Afghanistan"
201705,Cannes Is Changing Rules After Outcry Over Netflix Streaming
201705,"Review: ‘The Keepers’ on Netflix: True Crime, and Lots of It"
201705,The Best Movies and TV Shows New on Netflix Canada in May
201705,"‘Anne With an E,’ on Netflix, Reimagines a Darker ‘Green Gables’"
201705,Netflix to Add Warning to Start of ‘13 Reasons Why’
201705,A Speedy Refresher Course for Your Summer TV Favorites
201706,Netflix Lets Viewers Pick the Plot
201706,"Review: In Netflix’s ‘GLOW,’ Empowerment Comes Through Power Slams"
201706,TV Executives Survey Relationships and Ratings and Snub Netflix
201706,"‘Amar Akbar & Tony,’ on Netflix, Trains a Lens on Immigrants in Britain"
201706,‘Sense8’ Cancellation Is Netflix’s Second in a Week
201706,"Review: In ‘Okja,’ a Girl and Her Pig Take on the Food Industrial Complex"
201706,"What to Cook, Watch, Listen To and More This Weekend"
201706,"A Maverick Director, His Big Pig and the Small Screen"
201706,Alison Brie Talks Pro Wrestling and Inner Strength
201706,For Your Consideration: An Increasingly Lavish Emmy Campaign Season
201707,Matt Groening Is Creating a New Show for Netflix
201707,Review: Netflix Is in the Woods With ‘Ozark’
201707,Review: ‘Daughters of Destiny’ on Netflix Explores Caste Struggles in India
201707,‘Ozark’ on Netflix: This Lake Has Hidden Depths
201707,Netflix and Ava DuVernay to Collaborate on ‘Central Park Jogger’ Series
201707,‘The Incredible Jessica James’ Is a Bold Woman in Progress
201707,Jessica Williams Charts Her Course: ‘I Know What I’d Be Incredible At’
201707,Where to Stream the 2017 Emmy Winning Shows
201707,‘To the Bone’ Opens Frank Dialogue on Eating Disorders: ‘They Steal Your Voice’
201707,"As ‘Game of Thrones’ Returns, Is Sharing Your HBO Password O.K.?"
201708,"Disney, Ditching Netflix, Grabs a New Key to the Kingdom"
201708,Netflix Signs Shonda Rhimes in Counterpunch to ABC and Disney
201708,"On Netflix’s ‘Narcos,’ the Battle Turns to the Cali Cartel"
201708,Coen Brothers’ ‘Ballad of Buster Scruggs’ to Hit Netflix in 2018
201708,Review: Netflix’s ‘Defenders’ Is Less Than the Sum of Its Superheroes
201708,How Netflix Can Thrive After a Disney Divorce
201708,"Review: Autism, Hormones and Family in Netflix’s ‘Atypical’"
201708,David Letterman Will Return to TV in a New Netflix Series
201708,How Disney Wants to Take On Netflix With Its Own Streaming Services
201708,The Best Movies and TV Shows New to Netflix Australia in August
201709,What’s New on Netflix and Amazon Prime This Weekend
201709,5 Things to Cook While Watching ‘30 Rock’ Before It Leaves Netflix
201709,Review: An Anime New York in Netflix’s ‘Neo Yokio’
201709,A Nurse Ratched Origin Story Comes to Netflix
201709,Lady Gaga and Netflix: A Documentary Goes Behind the Scenes
201709,Damien Chazelle Is Producing a Musical Series for Netflix
201709,"Meet a Looser, More Personal Seinfeld"
201709,‘Narcos’ Location Scout Found Dead in Mexico
201709,"‘The Handmaid’s Tale,’ Politics and ‘S.N.L.’ Dominate the Emmys"
201709,5 Things to Cook While Watching ‘Seinfeld’ Reruns
201710,How Many People Watch Netflix? Nielsen Tries to Solve a Mystery
201710,Sean Penn Fights With Netflix Over El Chapo Documentary
201710,Netflix Says It Will Spend Up to $8 Billion on Content Next Year
201710,"Chelsea Handler, Ending Netflix Show, Says She Will Focus on Political Activism"
201710,What’s New on Netflix and Amazon Prime This Weekend
201710,Review: ‘Mindhunter’ on Netflix Is More Chatter Than Splatter
201710,Netflix Is Increasing Its Monthly Subscription Cost
201710,David Harbour of ‘Stranger Things’ Never Wants to Play the Dad
201710,"Review: ‘Stranger Things’ Returns, More Familiar but Still Fun"
201710,‘Stranger Things’ Is Back. Here’s What to Remember Before Watching Season 2.
201711,Americans Are Watching Netflix at Work and in the Bathroom
201711,"Robert Reich, a Multiplatform Gadfly, Comes to Netflix"
201711,Netflix Originals That Don’t Get to the Theater
201711,"Review: Netflix’s ‘Godless,’ a Western With a Little Bit of Everything"
201711,"Barbra Streisand’s Misty, Water-Colored Memories in a Netflix Concert Film"
201711,"With ‘Dark,’ a German Netflix Series, Streaming Crosses a New Border"
201711,Review: ‘She’s Gotta Have It’ on Netflix Is a Bold Reboot From Spike Lee
201711,Review: Netflix’s ‘The Punisher’ Is Less Punishing Than Expected
201711,‘What Should I Watch on Netflix?’: A New Original Series
201711,New Netflix Ratings Confirm ‘Stranger Things’ Is a Hit
201712,Netflix Executive Loses Job After Comment on Danny Masterson Rape Allegations
201712,Netflix and Spotify Ask: Can Data Mining Make for Cute Ads?
201712,Netflix Fires Danny Masterson Amid Rape Allegations
201712,The Best Movies and TV Shows New to Netflix Australia in December
201712,"Review: With ‘Dark,’ Netflix Delivers Science Fiction With European Roots"
201712,‘House of Cards’ Will Star Robin Wright for Final Season
201712,‘Peaky Blinders’: The Disparate Ingredients of a Cult Hit
201712,"Your Week in Culture: ‘Black Mirror,’ Monteverdi, ‘The Hip Hop Nutcracker’"
201712,Apple Adds Another Show to Its Growing Streaming Stable
201712,The Streaming Landscape After Disney’s Deal
201801,Watching Netflix en Français
201801,"Farhad’s Week in Tech: Netflix Is a Monster, and Apple’s HomePod Arrives Soon"
201801,15-Minute Stand-Up Specials? Netflix Is Trying a New Format
201801,<div>The Hidden Gems of 2017 Movies Are on ... Netflix?</div>
201801,New George R.R. Martin Adaptation Coming to Syfy and Netflix
201801,"The Best TV Shows and Movies New to Netflix, Amazon and More in January"
201801,Apple Goes Deeper Into La La Land With Damien Chazelle Project
201801,Review: The Euphoria of ‘One Day at a Time’
201801,Review: ‘The Confidence Man’ Finds Trump’s Business Image Was Made for TV
201801,"Sundance, Steeped in Weinstein Mystique, Enters a New Era"
201802,Netflix Is Getting Huge. But Can It Get Great?
201802,The Best Movies and TV Shows New to Netflix Canada in March
201802,"Farhad’s Week in Tech: Netflix Gets a Star, and Google’s Conflicted Ad Blocker"
201802,Review: David Chang in the Comfort Food Zone on Netflix
201802,Ryan Murphy Heads to Netflix in Deal Said to Be Worth Up to $300 Million
201802,A Tale of Two Netflix Coming-of-Age Comedies
201802,"In Chris Rock’s Netflix Special ‘Tamborine,’ a Humbler Master at Work"
201802,"Review: ‘The Cloverfield Paradox,’ Netflix’s Surprise Release, Unleashes Chaos"
201802,"Review: ‘Altered Carbon,’ Netflix’s ‘Blade Runner’ Replicant"
201802,David Chang Shares His Latest Adventure
201803,Netflix Renews ‘One Day at a Time’
201803,Netflix Adds a Warning Video to ‘13 Reasons Why’
201803,11 Great Titles Expiring From Netflix in April
201803,Obama in Talks to Provide Shows for Netflix
201803,"Review: On Netflix, a Wild Story of Guns, Sex and a Guru"
201803,The Best Movies and TV Shows New to Netflix Australia in March
201803,A (Shaggy) Star Is Reborn: Netflix Brings Us a New ‘Benji’
201803,The World Is Evolving and Ricky Gervais Isn’t
201803,"TV Shows to Watch From Hong Kong, Brazil, Sweden and More"
201803,"Claire Foy, Queen on ‘The Crown,’ Was Paid Less Than Her Onscreen Husband"
201804,11 Great Titles Expiring From Netflix in May
201804,Spike Lee and Godard Films to Compete at a Cannes With No Netflix
201804,Eight Recent Netflix Original Series That Are Worth Your Time
201804,Comic Performers Play It Dark in Netflix Movies
201804,Chipping Away at the Huge Block of Netflix Originals
201804,The Best Movies and TV Shows New to Netflix Canada in April
201804,Latest Uproar in Brazil’s Raw Political Debate: A Netflix Series
201804,The Best Movies and TV Shows New to Netflix Australia in April
201804,"The Best TV Shows and Movies New to Netflix, Hulu and More in April"
201804,"Review: In ‘Bobby Kennedy for President,’ a Don Draper of Politics"
201805,Coming to Netflix: The Obamas Sign Deal to Produce Shows
201805,"Review: ‘Fauda’ Returns on Netflix, Guns Blazing"
201805,The Best Movies and TV Shows New to Netflix Australia in May
201805,"Review: ‘Arrested Development’ Chases Its Past, Slowly"
201805,‘Arrested Development’: We Sat Down With the Cast. It Got Raw.
201805,‘Alex Strangelove’: Boy Meets Boy. Awkwardness Ensues.
201805,Tig Notaro Doesn’t Want to Hear About Disgraced Men Coming Back
201805,Steve Martin and Martin Short on Friendship and What’s Truly Funny
201805,"For the Comedy Iconoclasts of ‘SCTV,’ a Joyful Reunion Tinged With Loss"
201805,The Cannes Film Festival Opens Amid Disruptions
201806,Netflix Fires Chief Communications Officer Over Use of Racial Slur
201806,Barbra Streisand Debuts Lost Footage From ‘A Star Is Born’ on Netflix
201806,"In ‘Set It Up’ and 2 Other Netflix Comedies, No One Emerges Unscathed"
201806,Dolly Parton Songs to See New Life in Netflix Adaptations
201806,‘The Staircase’ on Netflix Revisits a Genre-Defining Trial
201806,"In 3 Netflix Films, Female Friends Chasing After Good Times"
201806,5 Ways to Celebrate Pride Away From the Mainstream
201806,‘Luke Cage’ Season 2: A New Villain and Respectability Politics
201806,"The Best TV Shows and Movies New to Netflix, Amazon and More in June"
201806,Betty Gilpin: The First Time I Bought a Crumbling 1834 Farmhouse
201807,9 Recent Netflix Original Series That Are Worth Your Time
201807,Bruce Springsteen’s Broadway Show Is Becoming a Netflix Special
201807,"Netflix, the Stock Market’s Big Hope, Disappoints"
201807,Shonda Rhimes Describes Her Grand Netflix Ambitions
201807,"The Summer of Josh Brolin Continues, on Netflix"
201807,"On Netflix, a Genuine Nail-Biter, and on Amazon, a Genuine Eccentric"
201807,Emmy Nominations 2018: ‘Game of Thrones’ and Netflix Lead the Way
201807,The Best Movies and TV Shows New to Netflix Australia in July
201807,"3 Sobering Documentaries on Netflix, Fandor and Field of Vision"
201807,A Netflix Experiment Gives Deserving Comics Their 15 Minutes
201808,Netflix Tests Promotional Videos but Users See ‘Commercials’
201808,Review: Matt Groening Enters the Netflix Age With ‘Disenchantment’
201808,13 Great Movies Expiring From Netflix in September
201808,"War of the Past, War of the Future: Netflix Tries Both"
201808,"Netflix and Kenya Barris, Creator of ‘Black-ish,’ Reach a Deal"
201808,"Review: ‘The Innocents’ on Netflix Is a Stylish, Slender Teen Romance"
201808,‘The After Party’ and ‘Baahubali’: Hip-hop Dreams and Indian Fantasy From Netflix
201808,Netflix Won’t Offer Louis Farrakhan Documentary
201808,"Two Netflix Original Dads, Incarnated by TV Favorites"
201808,Is Netflix’s ‘Insatiable’ as Offensive as It Looks? Let’s Discuss
201809,Netflix Morning Meeting
201809,"‘Bodyguard,’ a Dark Thriller From the BBC, Is Coming to Netflix"
201809,Netflix Acquires Worldwide Rights for Two Russian Cartoons
201809,Review: Manufacturing Reality in Netflix’s ‘Made in Mexico’
201809,The Netflix Executives Who Bent Comedy to Their Will
201809,"Netflix’s ‘Maniac’ Is a Hallucinatory, Emotional Dream Machine"
201809,‘Making a Murderer’ Season 2 Will Hit Netflix Oct. 19
201809,"Netflix Roulette, Where the Movies Never End"
201809,"HBO and Netflix, Reluctant Rivals, Party Down After Winning 23 Emmys Apiece"
201809,The Best Movies and TV Shows New to Netflix Australia in September
201810,Netflix’s Audience Is Multiplying. But So Is Its Debt.
201810,"Netflix Keeps Adding Subscribers, and Market Investors Could Profit"
201810,Netflix’s Cash-Fueled Road to Streaming Dominance
201810,Some Viewers Think Netflix Is Targeting Them by Race. Here’s What to Know.
201810,Review: Netflix’s ‘Wanderlust’ Is an Experiment in Fidelity
201810,"Review: ‘Bodyguard’ on Netflix, Britain’s Biggest TV Hit in Years"
201810,Adam Sandler’s Netflix Special: His Most Satisfying Comedy in Years
201810,Can Hasan Minhaj Make Topical Comedy Work on Netflix?
201810,"‘The Haunting of Hill House,’ on Netflix, Is a Family Drama With Scares"
201810,The Best Movies and TV Shows New to Netflix Canada in October
201811,Netflix to Produce Multiple Roald Dahl Streaming Series
201811,Netflix Put a Movie in Theaters. Good Luck Finding It.
201811,"Review: On Netflix, Michael Douglas and Alan Arkin Are Aging Bros"
201811,The Best Movies and TV Shows New to Netflix Australia in November
201811,Obamas Acquire Book Critical of Trump as First Netflix Project
201811,"In Oscar Bid, Netflix Will Release 3 Movies in Theaters First"
201811,The Best Movies and TV Shows New to Netflix Canada in November
201811,"The Best Movies and TV Shows New to Netflix, Amazon and More in November"
201811,The Chef Behind ‘Salt Fat Acid Heat’ on Her Most Prized Possession
201811,Satanic Temple Settles Lawsuit Over Goat-Headed Statue in ‘Sabrina’
201812,"Channing Dungey, Former ABC Head of Entertainment, Is Going to Netflix"
201812,Netflix’s Movie Blitz Takes Aim at Hollywood’s Heart
201812,The Best TV Shows and Movies New to Netflix Canada in January
201812,"This Week in Arts: ‘Stan & Ollie,’ Winter Jazzfest, Marie Kondo on Netflix "
201812,Can Netflix Take Turkey’s TV Dramas to the World?
201812,Review: A Watered-Down ‘Watership Down’ on Netflix
201812,"Springsteen on Netflix, Where Everyone Can Get a Ticket"
201812,A Hallmark Christmas Fan Watches Netflix’s Holiday Movies
201812,Netflix Will Keep ‘Friends’ Through Next Year in a $100 Million Agreement
201812,"The Best Movies and TV Shows New to Netflix, Amazon and More in December"
201901,What Made the TV Show ‘You’ a Hit? Netflix
201901,‘American Son’ Play Starring Kerry Washington Will Be Adapted by Netflix
201901,Netflix Is Raising Prices. Here’s Why.
201901,How the Showrunner of Netflix’s ‘You’ Took Aim at Self-Righteous Male Feminists
201901,"Oscar Snubs and Surprises: Bradley Cooper, Netflix and ‘Black Panther’"
201901,Review: A Netflix Legal Thriller Weighs Genocide and Guilt
201901,Netflix Chose a New Market Over Free Speech. That Sets a Disturbing Precedent.
201901,‘Lionheart’ Review: Netflix Goes to Nollywood
201901,Netflix’s Bow to Saudi Censors Comes at a Cost to Free Speech
201901,‘Bird Box’ Footage of Canadian Tragedy Will Not be Removed
201902,Netflix Is the Most Intoxicating Portal to Planet Earth
201902,The Best Movies and TV Shows New to Netflix Australia in March
201902,"In Bid to Conquer Oscars, Netflix Mobilizes Savvy Campaigner and Huge Budget"
201902,Netflix’s ‘Shtisel’ Is Binge-Worthy TV on a Strict Form of Judaism
201902,Just Who Has Seen ‘Roma’? Netflix Offers Clues
201902,New on Netflix Canada: The Best Movies and TV Shows for February 2019
201902,"The Best Movies and TV Shows New to Netflix, Amazon and More in February"
201902,Breaking Good: Shows Like ‘Russian Doll’ and ‘Barry’ Map Paths to Self-Improvement
201902,"Where to Stream ‘Green Book,’ ‘Bohemian Rhapsody’ and Other Big Oscar Winners"
201902,‘Paddleton’ Review: A Shrug in the Shadow of Death
201903,Netflix Has Turned Its Back on Latinos
201903,Why Netflix Won’t Be Part of Apple TV
201903,‘One Hundred Years of Solitude’ in the Time of Netflix
201903,The Best Movies and TV Shows New to Netflix Australia in April
201903,‘One Day at a Time’ and Why Netflix Is Not Your Friend
201903,10 Recent Netflix Originals Worth Your Time
201903,Netflix Finally Brings Romance to Reality TV
201903,‘One Hundred Years of Solitude’ Is Coming to Netflix
201903,New on Netflix Canada: The Best Movies and TV Shows for March 2019
201903,‘The Dirt’ Review: A Badly Bewigged Bummer
201904,Blockbuster Battle Between Steven Spielberg and Netflix Fizzles
201904,"As Netflix Contends With More Rivals, Hulu Stands Out"
201904,"Netflix, Which Made ‘Kimmy Schmidt’ in Brooklyn, to Expand Production Studios There"
201904,"Review: In Netflix’s ‘Chambers,’ a Horror Story With a Weak Pulse"
201904,Beyoncé’s ‘Homecoming’ Documentary on Netflix Showcases Coachella Performance
201904,A Netflix Nature Series Says to Viewers: Don’t Like What You See? Do Something About It
201904,"Microsoft Touches $1 Trillion Value, Signaling Big Tech’s Stock Market Comeback"
201904,‘Thriller’ Review: High School Slasher Offers Nothing New
201904,"The Best Movies and TV Shows New to Netflix, Amazon and More in April"
201904,‘When They See Us’ Trailer: Ava DuVernay’s Central Park Five Mini-Series Features Felicity Huffman
201905,Netflix May ‘Rethink’ Georgia if Abortion Law Takes Effect
201905,7 Recent Netflix Comedy Specials That Are Worth Your Time
201905,Cannes Film Festival: Jury Head Alejandro González Iñárritu Praises Netflix
201905,New Coke Was a Debacle. It’s Coming Back. Blame ‘Stranger Things.’
201905,The Wonderful Weirdness of Netflix’s First Great Sketch Comedy Show
201905,The Best Movies and TV Shows New on Netflix Canada in May
201905,"The Best Movies and TV Shows New to Netflix, Amazon and More in May"
201905,"Review: In ‘Dead to Me’ on Netflix, Widows Make the Best BFFs"
201905,The #MeToo Horror of ‘The Perfection’
201905,‘The Perfection’ Review: A Thriller in the Key of Crazy
201906,The Best Movies and TV Shows New to Netflix Australia in July
201906,Linda Fairstein Attacks Her Portrayal in ‘When They See Us’
201906,‘One Day at a Time’ to Return in 2020
201906,"For a TV Editor, 500 New Shows a Year Require a Fresh Script"
201906,"The ‘Stranger Things’ Kids Reflect on Where They’ve Been, and Where They’re Headed"
201906,"The Week in Business: Stocks Hit a Record High, and Facebook Wants to Replace Your Bank"
201906,"Review: Welcome Back, Sitcom High School"
201906,‘Murder Mystery’ Review: A Whodunit on the High Seas
201906,Coming to You From a Can of Cashews
201906,"‘Alles Ist Gut’ Review: Surviving Sexual Assault, and All the Mornings After"
201907,The Week in Business: A Suddenly Vulnerable Netflix
201907,Netflix Wants to Make Its Dubbed Foreign Shows Less Dubby
201907,"Introducing ‘Diagnosis,’ a New Show From The Times and Netflix"
201907,‘The Town Hall of Hollywood.’ Welcome to the Netflix Lobby.
201907,Netflix Deletes ‘13 Reasons Why’ Suicide Scene
201907,Netflix Stock Tumbles as U.S. Subscribers Decrease After Price Increases
201907,‘Orange Is the New Black’ Taught Us What Netflix Was For
201907,‘Anna Delvey’ Might Not Profit From Netflix Series on Her Life as a Fake Heiress
201907,"‘Friends’ to Leave Netflix for HBO Max, AT&T’s New Streaming Service"
201907,Done With ‘Stranger Things’? Here Is Your Next Netflix Binge
201908,Netflix Falls Short in Big Screen Debut of ‘The Irishman’
201908,"‘Breaking Bad’ Movie, Starring Aaron Paul, Coming to Netflix in October"
201908,"Can Netflix, the King of Stand-Up Specials, Be Dethroned?"
201908,"Scorsese’s New Mob Epic, ‘The Irishman,’ Has Netflix and Theaters at Odds"
201908,Netflix Signs the Duo Behind HBO’s ‘Game of Thrones’
201908,The Best Movies and TV Shows New to Netflix Australia in August
201908,"Anna Torv of ‘Mindhunter’ on Playing It Cool, if Not Straight"
201908,How Much Watching Time Do You Have This Weekend?
201908,‘The Dark Crystal’ Returns on an Even Grander Scale
201908,"The Best Movies and TV Shows New to Netflix, Amazon and More in August"
201909,"Long Before ‘Netflix and Chill,’ He Was the Netflix C.E.O."
201909,"Ryan Murphy, Super Producer, Reboots Himself for Netflix and ‘The Politician’"
201909,Bingeworthy: Netflix Snaps Up Streaming Rights to ‘Seinfeld’
201909,Review: Netflix’s ‘Politician’ Is a Chaos Candidate
201909,"No, Netflix Is Not Abandoning Its Binge Format"
201909,The Best Movies and TV Shows New to Netflix Australia in September
201909,‘In the Shadow of the Moon’ Review: A Twisty Romp Through Time and Genre
201909,"As HBO Celebrates a Big Night, Questions About Its Future Loom"
201909,"The Best Movies and TV Shows Coming to Netflix, Amazon and More in September"
201909,‘Between Two Ferns: The Movie’ Review: Taking a (Web) Show on the Road
201910,"Netflix’s Top 10 Original Movies and TV Shows, According to Netflix"
201910,"Scorsese Does Broadway, and Other Splashy Netflix Plans"
201910,‘Stranger Things’ Helps Netflix Increase Subscribers
201910,Firm at Center of Panama Papers Sues Netflix Over ‘The Laundromat’
201910,Netflix Goes All Out to Wow Children as Streaming Wars Intensify
201910,Interrogation Company Insists That ‘When They See Us’ Got It Wrong
201910,Can ‘The Irishman’ Help Netflix Rule the Best-Picture Race?
201910,Disney Bars Netflix TV Ads in Battle for Streaming Supremacy
201910,"The Best Movies and TV Shows New to Netflix, Amazon and Stan in Australia in October"
201910,How Much Watching Time Do You Have This Weekend?
201911,"Netflix’s 2019 Holiday Movies, Reviewed and Ranked"
201911,Netflix’s New Single-Screen Space: The Paris Theater
201911,‘SpongeBob’ Spinoff Highlights Netflix-Nickelodeon Deal
201911,Eddie Murphy Will Star in ‘Beverly Hills Cop 4’ for Netflix
201911,Netflix to Amend Maps After Complaint From Poland
201911,Netflix Keeps an Eye on the Mouse
201911,Poland Objects to Holocaust-Era Map in Netflix Series
201911,Supervisor Had Netflix Playing During Botched 911 Call
201911,Netflix Was Only the Start: Disney Streaming Service Shakes an Industry
201911,Inside the Debate Between Netflix and Big Theater Chains Over ‘The Irishman’
201912,Netflix Looks Abroad as Growth Slows in the U.S.
201912,"Netflix Is Ad Free, but It Isn’t Brand Free"
201912,The Best Movies and TV Shows New on Netflix Canada in January
201912,Review: Netflix Sends ‘The Witcher’ Into the Fantasy Fray
201912,‘The Irishman’ Debuts on Netflix to Big Numbers Over Thanksgiving
201912,"Even at the Indie-Leaning Gotham Awards, Netflix Is a Juggernaut"
201912,‘Marriage Story’ and ‘The Irishman’ Propel Netflix to Most Golden Globe Nominations
201912,"The Best Movies and TV Shows Coming to Netflix, Apple TV Plus and More in December"
201912,That Intense New Character on ‘You’? Victoria Pedretti ‘Had the Tools’
201912,‘You’ Review: The Perfect BF Still Has One Little Problem
202001,Netflix Reports a Subscriber Bump as Disney Poses a New Threat
202001,Brazil’s Top Court Strikes Down Ban on Netflix Film Portraying Jesus as Gay
202001,"The Best Movies and TV Shows Coming to Netflix, Apple TV Plus and More in January"
202001,P.S.: Fans Still Love ‘To All the Boys’
202001,India Restores Some Internet Access in Kashmir After Long Shutdown
202001,We Should Have Bought the DVDs
202001,Nature Shows Are Hot Again
202001,We’re Living in a Subscriptions World. Here’s How to Navigate It.
202001,How to Navigate a Flood of Streaming TV Subscriptions
202001,‘This Airplane Is Designed by Clowns’
202002,"Review: With ‘Queen Sono,’ Netflix Enters New Territory"
202002,"Netflix Users Rejoice: Goodbye, Autoplay"
202002,Netflix Spent Big on Oscar-Worthy Films. That May Not Be Enough.
202002,"The Best Movies and TV Shows New to Netflix, Amazon and Stan in Australia in February"
202002,‘Cheer’: What to Read and Listen to After Seeing This Netflix Hit
202002,"The Best Movies and TV Shows Coming to Netflix, Amazon and More in February"
202002,‘All the Bright Places’ Review: Love Amid Trauma
202002,‘I Am Not Okay With This’ Review: You’d Like Her When She’s Angry
202002,Streaming TV’s Boom Is a Mixed Blessing for Some Hollywood Writers
202002,‘Gentefied’ Review: A Rent Is Too Damn High Party
202003,Linda Fairstein Sues Netflix for Defamation in ‘When They See Us’
202003,"Review: In Netflix’s ‘Self Made,’ an Unlikely Entrepreneur"
202003,What to Watch After ‘Tiger King’: 12 Great True-Crime Documentaries on Netflix
202003,12 Recent Netflix Originals Worth Streaming While Stuck at Home
202003,"The Best Movies and TV Shows Coming to Netflix, Amazon and More in March"
202003,The Best Movies and TV Shows New on Netflix Canada in March
202003,"The Best Movies and TV Shows New to Netflix, Amazon and Stan in Australia in March"
202003,"‘Making the Cut’ Is New, but the Pattern Is Familiar"
202003,Surging Traffic Is Slowing Down Our Internet
202003,Short Attention Span? All These Movies Are Under 90 Minutes
202004,Everyone You Know Just Signed Up for Netflix
202004,11 Stranger-Than-Fiction Documentaries on Netflix and Hulu
202004,Mindy Kaling’s Netflix Show Tells a New Kind of Story: One Like Hers
202004,13 Uplifting Documentaries on Netflix
202004,"The Best Movies and TV Shows New to Netflix, Amazon and Stan in Australia in April"
202004,"The Best Movies and TV Shows Coming to Netflix, Amazon and More in April"
202004,"No, the Best Doesn’t Win"
202004,Watch This: ‘Never Have I Ever’
202004,Watch This: ‘Alias Grace’
202004,‘Circus of Books’ Review: A Community Takes Pride in Its Porn Store
202005,9 Great Music Documentaries to Stream on Netflix
202005,"Hana Kimura, Japanese Wrestler and Star of Netflix Series, Dies at 22"
202005,Now on Netflix: Portraits of Grief With Unplanned Relevance
202005,"‘Space Force’ Review: Steve Carell, in a Familiar Orbit on Netflix"
202005,"In Netflix’s ‘Hollywood,’ One Movie Fixes Racism. Hooray!"
202005,The Pandemic Work Diary of Netflix’s Queer Champion
202005,Laura Harrier on Rewriting Hollywood in Netflix’s ‘Hollywood’
202005,Hannah Gadsby’s ‘Douglas’ Doubles Down on the Comedy of Contradiction
202005,‘The Baby-Sitters Club’ Is Back: Help Yourself to the Fridge
202005,John McEnroe Is Mindy Kaling’s Voice of Teen Angst. Seriously.
202006,Netflix and Cinemax Go to South Africa for Real
202006,Netflix C.E.O. Reed Hastings Gives $120 Million to Historically Black Colleges
202006,Stream These 15 Great Titles Before They Leave Netflix This Month
202006,"The Best Movies and TV Shows New to Netflix, Amazon and Stan in Australia in June"
202006,Jenny Slate and Kristen Bell Leave Voice Roles as Black Characters
202006,"The Best Movies and TV Shows Coming to Netflix, Amazon and More in June"
202006,‘Disclosure’ Review: A Transgender Lens on Film and TV History
202006,Love Is Still Blind — and Lauren and Cameron Aren’t Afraid of Tough Conversations
202006,‘Avatar: The Last Airbender’ Imagines a World Free of Whiteness
202006,What Should Companies Do on Juneteenth?
202007,Netflix Dropped Chris D’Elia Show After Sexual Misconduct Allegations
202007,Netflix Appoints Ted Sarandos as Co-Chief Executive
202007,Netflix Breaks HBO’s Record for the Most Emmy Nominations Ever
202007,How Netflix Beat Hollywood to a Generation of Black Content
202007,Netflix Renews ‘The Crown’ for a Sixth Season After All
202007,"Review: In ‘Stateless’ on Netflix, Cate Blanchett (and Immigration)"
202007,"The Best Movies and TV Shows New to Netflix, Amazon and Stan in Australia in July"
202007,How ‘365 Days’ Became One of Netflix’s Worst-Reviewed Big Hits
202007,Universal’s Theatrical Releases Will Quickly Be Available in Homes
202007,Shira Haas of ‘Unorthodox’ on Sharing the Joys of Her First Emmy Nod
202008,"Netflix, Accused of Sexualizing Girls, Pulls Artwork for ‘Cuties’"
202008,Delayed ‘Diana’ Musical to Be Streamed on Netflix
202008,Auli’i Cravalho on Her New Netflix Drama and the Smell of Wet Dog
202008,"The Best Movies and TV Shows New to Netflix, Amazon and Stan in Australia in August"
202008,Stream These 12 Movies Before They Leave Netflix This Month
202008,"Latif Nasser, Harvard Ph.D., on the Rewards of Being Dumb"
202008,How Jamie Foxx Fights a Man on Fire in ‘Project Power’
202008,A Steal Might Actually Be a Raw Deal
202008,Remote Control: Making Television Mid-Pandemic
202008,‘Work It’ Review: Freestyling Through Senior Year
202009,Brian Stelter on Fox News and Reed Hastings on Netflix
202009,"‘Cuties’ Sparks a Firestorm, Again, After Its Netflix Release"
202009,Watch These 15 Movies Before They Leave Netflix This Month
202009,The 50 Best TV Shows on Netflix Right Now
202009,Prince Harry and Meghan Sign Megawatt Netflix Deal
202009,The Best Movies and TV Shows Coming to Netflix in July
202009,"New & Noteworthy, From Netflix to Writers’ Writers"
202009,"The Best Movies and TV Shows New to Netflix, Amazon and Stan in Australia in September"
202009,Jerry Harris to Remain in Custody After Arrest on Child Pornography Charge
202009,‘Schitt’s Creek’ Sets an Emmy Record
202010,The 13 Scariest Horror Movies on Netflix Right Now
202010,"Reclaiming, on Netflix, an Ancient Battle Beloved of Germany’s Far Right"
202010,"After big jobs at ABC and Netflix, the executive Channing Dungey takes charge of Warner Bros."
202010,Netflix Is Charged in Texas With Promoting Lewdness in ‘Cuties’
202010,Channing Dungey is leaving Netflix after less than two years.
202010,Stream These 15 Movies Before They Leave Netflix This Month
202010,The 50 Best Documentaries on Netflix Right Now
202010,What Happens When Sarah Cooper Speaks in Her Own Voice?
202010,‘Song Exploder’ Reveals the Eureka Moments Behind the Hits
202010,"‘The Queen’s Gambit’ Review: Coming of Age, One Move at a Time"
202011,Netflix Pulls ‘Chappelle’s Show’ at Dave Chappelle’s Request
202011,"With a Kiss, Netflix Gets Tangled in India’s Religious Tensions"
202011,‘The Crown’: The History Behind Season 4 on Netflix
202011,Stream These 15 Titles Before They Leave Netflix in November
202011,"The Best Movies and TV Shows New to Netflix, Amazon and Stan in Australia in November"
202011,"Hollywood’s Obituary, the Sequel. Now Streaming."
202011,‘Dolly Parton’s Christmas on the Square’ Review: Holiday Winks
202011,‘Hillbilly Elegy’ Review: I Remember Mamaw
202011,‘The Queen’s Gambit’ Sends Chess Set Sales Soaring
202011,Why ‘Gilmore Girls’ Endures
202012,Catch These 15 Titles Before They Leave Netflix in December
202012,"The Best Movies and TV Shows New to Netflix, Amazon and Stan in Australia in December"
202012,"Netflix’s ‘Move’ Strips Dance Down to Clichés, Not Essentials"
202012,"Netflix Holiday Movies: Ranked, Listed and Checked Twice"
202012,An Oscar Winner Made a Khashoggi Documentary. Streaming Services Didn’t Want It.
202012,"For Television and Romance Novels, Love at Last?"
202012,Jerry Harris Pleads Not Guilty in Child-Pornography Case
202012,"Bollywood, Reeling From the Pandemic, Shifts to Streaming"
202012,"‘The Midnight Sky’ Review: It’s the End of the World, in the Arctic"
202012,George Clooney on ‘The Midnight Sky’ and Donald Trump
202101,"Netflix Will No Longer Borrow, Ending Its Run of Debt"
202101,"Netflix, Flexing Its Muscles, Announces 2021 Film Slate"
202101,Stream These 8 Titles Before They Leave Netflix This Month
202101,What’s Next in Your Netflix Queue?
202101,"The Best Movies and TV Shows New to Netflix, Amazon and Stan in Australia in January"
202101,What if the ‘Karate Kid’ Isn’t the Hero?
202101,‘The Dig’ Review: Carey Mulligan and Ralph Fiennes on a Treasure Hunt
202101,The Week in Business: Biden Gets Down to Business
202101,Everybody Loves Fran. But Why?
202101,‘Bridgerton’s’ Approach to Race and Casting Has Precedent Onstage
202102,"Netflix Productions Are More Diverse Than Studio Films, Study Shows"
202102,How a Neurosurgeon (and Netflix Star) Spends His Sundays
202102,‘Chappelle’s Show’ Returns to Netflix After Dave Chappelle Gets Paid
202102,Michelle Obama (and a pair of puppets) will cook for children on Netflix.
202102,The Obamas will adapt ‘Exit West’ into a Netflix movie starring Riz Ahmed.
202102,"The Best Movies and TV Shows New to Netflix, Amazon and Stan in Australia in February"
202102,How the Pandemic Stalled Peak TV
202102,"How to Watch the Golden Globes 2021: Channel, Time and Streaming"
202102,How Much Watching Time Do You Have This Weekend?
202102,Rosamund Pike Is Delighted to Appall You
202103,Netflix Tests a Clampdown on Password Sharing
202103,"The Best Movies and TV Shows New to Netflix, Amazon and Stan in Australia in March"
202103,"In the Shadow of Nollywood, Filmmakers Examine Boko Haram"
202103,How Chinese Dramas Helped Me Build a Relationship With My Sister
202103,The Swag Must Go On: Hollywood’s Pandemic Oscar Campaign
202103,Korean TV’s Unlikely Star: Subway Sandwiches
202103,Spike Lee Predicts the Future
202103,"Harlan Coben, Suburban Dad With 75 Million Books in Print"
202103,‘Jackie Brown’ and Tangerine Dream: What ‘I Care a Lot’ Is Made Of
202103,Making Chess Sing: ‘Queen’s Gambit’ to Be Adapted for the Stage
202104,Netflix’s Dominance Starts to Slow as Rivals Gain
202104,"With ‘Knives Out’ Deal, Netflix Signals It’s in the Franchise Business"
202104,Netflix to Debut Italy’s First TV Show With a Majority Black Cast
202104,Sony Pictures enters a streaming deal with Netflix.
202104,Watch These 11 Titles Before They Leave Netflix in April
202104,"The Best Movies and TV Shows New to Netflix, Amazon and Stan in Australia in April"
202104,Review: ‘Yasuke’ Reclaims a Black Samurai From History
202104,"One Year After ‘Tiger King,’ Bill Aims to Protect Big Cats"
202104,Movies Survived 2020. The Oscars Diversified. There’s More to Do.
202104,How ‘The Crown’ changed Prince Philip’s image.
202105,Binge-Viewing Movies? Netflix Bets on the ‘Fear Street’ Trilogy.
202105,Review: ‘Who Killed Sara?’ and the Art of the Netflixnovela
202105,Netflix Chronicles Byron Bay’s ‘Hot Instagrammers.’ Will Paradise Survive?
202105,Stream These 13 Movies and Shows Before They Leave Netflix in May
202105,"The Best Movies and TV Shows New to Netflix, Amazon and Stan in Australia in May"
202105,The T List: Five Things We Recommend This Week
202105,"Mae Martin Embraces Ambiguity in ‘Feel Good,’ and in Life"
202105,"Scrounging for Hits, Hollywood Goes Back to the Video Game Well"
202105,The deals that loaded AT&T with debt.
202105,The Profound Significance of ‘High on the Hog’
202106,Steven Spielberg’s Amblin Partners signs a deal with Netflix.
202106,Netflix: The Store!
202106,Watch These 15 Titles Before They Leave Netflix This Month
202106,"The Best Movies and TV Shows New to Netflix, Amazon and Stan in Australia in June"
202106,Nielsen Now Knows When You Are Streaming
202106,‘Lupin’ Took the World by Stealth. Part 2 Can’t Be So Sneaky.
202106,"‘Wish Dragon’ Review: ‘Aladdin’ Goes to Shanghai, Sort Of"
202106,How Much Watching Time Do You Have This Weekend?
202106,"In ‘Sweet Tooth,’ a Taste of Fantasy Rooted in Reality"
202106,"In ‘Master of None,’ Naomi Ackie Tells a Story ‘I’ve Never Really Seen’"
202107,Disney is chipping away at Netflix’s dominance.
202107,‘Drive to Survive’ on Netflix Has Ignited Formula 1
202107,"The Best Movies and TV Shows New to Netflix, Amazon and Stan in Australia in July"
202107,What Is It About Dating Shows Where Contestants Can’t See Each Other?
202107,Positive coronavirus tests halt the production of ‘Bridgerton’ in the U.K. twice in three days.
202107,"‘The Crown,’ ‘The Mandalorian,’ ‘Ted Lasso’ and other streaming series have a big day."
202107,"‘The Queen’s Gambit’ and ‘Mare of Easttown’ face off, while Mj Rodriguez pulls off a first."
202107,"In ‘My Unorthodox Life,’ Julia Haart Bares More Than Just Her Knees"
202107,‘Black Widow’ Star David Harbour Loves Being a Big-Screen Loser
202107,‘I Think You Should Leave’ Gives Us the Jerks We Deserve
202108,Netflix’s ‘High on the Hog’ Renewed for Second Season
202108,"The Best Movies and TV Shows New to Netflix, Amazon and Stan in Australia in August"
202108,Stream These 12 Titles Before They Expire in August
202108,‘Untold: Caitlyn Jenner’ Review: Honoring the Athlete
202108,Ynairaly Simo Reps the Bronx (and Tweenage Zest) in ‘Vivo’
202108,Emma Corrin Is Fine With Not Playing Diana to the Bitter End
202108,"Yes, the Owner of a Movie Theater Chain Feels Bad for Me"
202108,How Much Watching Time Do You Have This Weekend?
202108,"In ‘My Unorthodox Life,’ Fashion Is a Flash Point"
202108,"With ‘The Kissing Booth 3,’ Joey King Closes a Chapter of Her Life"
202109,Netflix and ‘The Queen’s Gambit’ dominate the Creative Arts Emmys.
202109,"With ‘The Crown,’ Netflix Finally Takes the Emmys Throne"
202109,Watch These 12 Titles Before They Leave Netflix in September
202109,"The Best Movies and TV Shows New to Netflix, Amazon and Stan in Australia in September"
202109,Mo Abudu Isn’t Waiting for Permission
202109,Mike Flanagan Explores His Private Horrors in ‘Midnight Mass’
202109,2021 Emmy Winners: Complete List
202109,A Hollywood Producer and a Master of Adaptation
202109,Emmys 2021: The List of Nominees
202109,"A Chess Pioneer Sues, Saying She Was Slighted in ‘The Queen’s Gambit’"
202110,Netflix Eyes New Jersey Army Base for Major Production Hub
202110,Navigating the Dave Chappelle Fracas at Netflix
202110,Netflix employees walk out to protest Dave Chappelle’s special.
202110,Netflix workers plan a walkout as the fallout over Dave Chappelle continues.
202110,Netflix Employees Walk Out in Protest of Dave Chappelle Special
202110,"At Netflix, a star and employees pressure a top executive over Dave Chappelle’s special."
202110,Netflix beats estimates and expects even better results thanks to hits like ‘Squid Game.’
202110,Dave Chappelle responds to Netflix controversy with a video clip from his concert.
202110,Netflix Series Stirs Debate About the Lives of Ultra-Orthodox Women
202110,Suspension is lifted for Netflix employee who criticized Dave Chappelle’s comedy special.
202111,Netflix Turns Its Attention to Films It Hopes Everyone Wants to See
202111,"‘Red Notice’ is a hit? Oh, yes, says Netflix’s brand-new top 10 list."
202111,A Netflix documentary series spurred prosecutors to review the trial.
202111,Netflix buys a visual effects company in a move to support its global ambitions.
202111,"The Best Movies and TV Shows New to Netflix, Amazon and Stan in Australia in November"
202111,Stream These 11 Titles Before They Leave Netflix in November
202111,Here Are 5 Family-Friendly Things to Stream This Weekend
202111,‘A Castle for Christmas’ Review: Deck the Halls With Expensive Tartans
202111,"The Good, the Bad and the Jazzy: What ‘Cowboy Bebop’ Gets Right and Wrong"
202111,Kevin Spacey was ordered to pay $31 million to the ‘House of Cards’ studio after sexual harassment allegations.
202112,Stream These 9 Titles Before They Leave Netflix in January
202112,Netflix and the Internet of Fads
202112,"Review: ‘The Witcher,’ a Netflix Heavy Hitter, Finally Returns"
202112,"Netflix Holiday Movies Ranked, From Tree Toppers to Lumps of Coal"
202112,Stream These 15 Titles Before They Leave Netflix in December
202112,"The Best Movies and TV Shows New to Netflix, Amazon and Stan in Australia in December"
202112,5 Things to Do This Weekend
202112,‘Emily in Paris’ and the City I Thought Was Mine
202112,‘Cowboy Bebop’ Beats and the Universe of ‘Dune’: What ‘Arcane’ Is Made of
202112,"In 2021, Black Boyhood Got More Complex on TV"
